Name,Descripción,Ranking,DownloadUrls
Extraordinario (2017),August Pullman  un niño nacido con diferencias faciales  asiste por primera vez al quinto grado en una escuela regular. Basada en la inspiradora historia del bestseller del New York Times.,8.1/10,https://turbobit.net/6vv4jrn4t34p.html https://1fichier.com/?7uagdhixteuls7fpijzj&af=2942360 magnet:?xt=urn:btih:695C7799529CBEE0BCB0F2640A8E9286A7284D4B&dn=Wonder.2017.1080p-dual-lat.mp4&tr=udp%3a%2f%2ftracker.coppersurfer.tk%3a6969%2fannounce&tr=udp%3a%2f%2ftracker.leechers-paradise.org%3a6969%2fannounce&tr=udp%3a%2f%2ftracker.internetwarriors.net%3a1337%2fannounce https://mega.nz/#!ejJEgIaD!Bl_2nKfi-iuGruaH1RQt4amaR_A1GHfVmWIrhIP6BgA https://www.cinecalidad.to/wp-content/subs/wonder.2017.zip
Kubo y la búsqueda Samurai (2016),Kubo tiene una tranquila vida en una pequeña aldea hasta que un espíritu del pasado que busca una antigua venganza cambia todo. Ahora Kubo debe encontrar una armadura mágica para hacerle frente  la cual alguna vez fue usada por su padre  un legendario guerrero Samurai.,8.1/10,https://turbobit.net/chy6f3orokjs.html https://1fichier.com/?jt3y6amkvr287x5kgvw0&af=2942360 magnet:?xt=urn:btih:1307992B11539B5DEBFFE3EB65CA16FBB8D3E19F&dn=Kubo.and.the.two.strings.2016.1080p-dual-lat.mp4&tr=udp%3a%2f%2ftracker.coppersurfer.tk%3a6969%2fannounce&tr=udp%3a%2f%2ftracker.leechers-paradise.org%3a6969%2fannounce&tr=udp%3a%2f%2ftracker.internetwarriors.net%3a1337%2fannounce https://mega.nz/#!334hCKLT!O3uQI3HiamtiDS-Sx9C8802eiiuLJAISXvlWz89VFLk https://www.cinecalidad.to/wp-content/subs/kubo.and.the.two.strings.2016.zip
Los Increíbles 2 (2018),Bob Parr  el Sr. Increíble  se queda cuidando a los niños mientras Helen  Elastigirl  está salvando el mundo. Pero cuando surge una peligrosa amenaza  depende de la familia neutralizarla y salvar el día una vez más. Los increíbles 1,8.0/10,https://turbobit.net/t90blmtadbfe.html https://1fichier.com/?096geyzqzqin7rwndais&af=2942360 magnet:?xt=urn:btih:1CEB2B7F515912B44D6907FD4CFC5111859AD537&dn=Incredibles.2.2018.1080p-dual-lat-cinecalidad.to.mp4&tr=udp%3a%2f%2ftracker.coppersurfer.tk%3a6969%2fannounce&tr=udp%3a%2f%2ftracker.leechers-paradise.org%3a6969%2fannounce&tr=udp%3a%2f%2ftracker.internetwarriors.net%3a1337%2fannounce https://mega.nz/#!tI8niCKa!4W_QFVuEo_Vr_gAOKEzngMnNWoMOvRpKUdQj2CiI6_Q https://www.cinecalidad.to/wp-content/subs/incredibles.2.2018.srt https://www.cinecalidad.to/wp-content/subs/incredibles.2.2018.zip
Moana: Un mar de aventuras (2016),En la antigua Polinesia  cuando una terrible maldición iniciada por el semidios Maui alcanza la isla de la impetuosa Moana  la hija del jefe  ella responde al llamado del océano para buscar al semidios y arreglar las cosas.,7.9/10,https://turbobit.net/pnlp47mbz143.html https://1fichier.com/?5alw8xutfruo67ff0p6y&af=2942360 magnet:?xt=urn:btih:4c7f9f0cf6050884c7fab6edf76d6e42bf8f5dac&dn=Moana.2016.1080p-dual-lat.mp4&tr=udp%3A%2F%2Ftracker.coppersurfer.tk%3A6969%2Fannounce&tr=udp%3a%2f%2ftracker.leechers-paradise.org%3a6969%2fannounce&tr=udp%3a%2f%2ftracker.internetwarriors.net%3a1337%2fannounce https://mega.nz/#!L6AVwaTI!4RKrQGuZoINjQv-NC4s6qFY8POKP11v4QyKkUyI57L8 https://www.cinecalidad.to/wp-content/subs/moana.2016.zip
El Libro de la Selva (2016),Luego de que la amenaza hecha por el tigre Shere Khan lo obligara a huir de la selva  el cachorro de hombre Mowgli se embarca en un viaje de auto descubrimiento con la ayuda de la pantera Bagheera y un oso con un espíritu libre  Baloo.,7.8/10,https://turbobit.net/9jyd8ejlbhdo.html https://1fichier.com/?nsfqodxsrl07p2e0son3&af=2942360 magnet:?xt=urn:btih:609B8EE1195A29C75331F7E2E5D8D07CEE64BA7B&dn=The.jungle.book.2016.1080p-dual-lat.mp4&tr=udp%3a%2f%2ftracker.coppersurfer.tk%3a6969%2fannounce&tr=udp%3a%2f%2ftracker.leechers-paradise.org%3a6969%2fannounce&tr=udp%3a%2f%2ftracker.internetwarriors.net%3a1337%2fannounce https://mega.nz/#!1jZwGArZ!-dUItLDRg8Cut46u1xaM8q1zCRopwm5VUqRwiD6Q-nA https://www.cinecalidad.to/wp-content/subs/the.jungle.book.2016.zip
La Bella y la Bestia (2017),Un joven príncipe  encerrado en la forma de una bestia  sólo puede ser liberado con amor verdadero. Lo que puede ser su única oportunidad se presenta con Bella  una joven que llega a su castillo encantado.,7.7/10,https://turbobit.net/21qmvqyl6dul.html https://1fichier.com/?h3r5jsq6dwgxanuu0dp8&af=2942360 magnet:?xt=urn:btih:A96C88E6DF4715ED93C6658715D6A3EA3885CFE7&dn=Beauty.and.the.beast.2017.1080p-dual-lat.mp4&tr=udp%3a%2f%2ftracker.coppersurfer.tk%3a6969%2fannounce&tr=udp%3a%2f%2ftracker.leechers-paradise.org%3a6969%2fannounce&tr=udp%3a%2f%2ftracker.internetwarriors.net%3a1337%2fannounce https://mega.nz/#!SSIVHBBK!zn2LtLIEkoYnYA4IbPD0XJXkIxu6gg0RujyYXkjZepI https://www.cinecalidad.to/wp-content/subs/beauty.and.the.beast.2017.zip
Buscando a Dory (2016),La amigable pero olvidadiza pez cirujano regal comienza una búsqueda de sus padres perdidos hace mucho tiempo  y todos aprenden algunas cosas sobre el verdadero significado de la familia en el camino. Buscando a Nemo,7.7/10,https://turbobit.net/rpz5capzsg0r.html https://1fichier.com/?lzk2eyacupee7a5t81br&af=2942360 magnet:?xt=urn:btih:B20EBC5DEE6D2C50B996CB23F43FBE4CB1F33B66&dn=Finding.dory.2016.1080p-dual-lat.mp4&tr=udp%3a%2f%2ftracker.coppersurfer.tk%3a6969%2fannounce&tr=udp%3a%2f%2ftracker.leechers-paradise.org%3a6969%2fannounce&tr=udp%3a%2f%2ftracker.internetwarriors.net%3a1337%2fannounce https://mega.nz/#!j2R3WAxT!nQ2K8RAfvyleNzYTk19LRqQUTLuJMqan0_cIEvamt7U https://www.cinecalidad.to/wp-content/subs/finding.dory.2016.zip
Las crónicas de Navidad (2018),Dos hermanos  Kate y Teddy Pierce  planean conseguir un video de Santa en la víspera de Navidad  pero su plan se convierte en un increíble viaje con el que la mayoría de los niños solo pueden soñar.,7.6/10,https://turbobit.net/79cv3kxjubec.html https://1fichier.com/?wgt4b9dyf0il9ufre5ms&af=2942360 magnet:?xt=urn:btih:004A9976A0426A5A03F52B8F149C2014761DA006&dn=The.christmas.chronicles.2018.1080p-dual-lat-cinecalidad.to.mp4&tr=udp%3a%2f%2ftracker.coppersurfer.tk%3a6969%2fannounce&tr=udp%3a%2f%2ftracker.leechers-paradise.org%3a6969%2fannounce&tr=udp%3a%2f%2ftracker.internetwarriors.net%3a1337%2fannounce https://mega.nz/#!oxFG2I4Y!wlDAgQ0Pu7q83nC_sa8KttkXN7a9jhM6mKr77wmWjdk https://www.cinecalidad.to/wp-content/subs/the.christmas.chronicles.2018.srt https://www.cinecalidad.to/wp-content/subs/the.christmas.chronicles.2018.zip
Animales fantásticos y dónde encontrarlos (2016),Las aventuras del escritor Newt Scamander en la secreta comunidad de brujería y hechicería de Nueva York  setenta años antes de que Harry Potter leyera su libro en la escuela. Animales fantásticos 2,7.6/10,https://turbobit.net/rwpbkt9c2vsv.html https://1fichier.com/?mu2kgbi75of1nx28u0ih&af=2942360 magnet:?xt=urn:btih:E3D55C7EE45B850C621FA74A5D15D2EF657EBB51&dn=Fantastic.beasts.and.where.to.find.them.2016.1080p-dual-lat.mp4&tr=udp%3a%2f%2ftracker.coppersurfer.tk%3a6969%2fannounce&tr=udp%3a%2f%2ftracker.leechers-paradise.org%3a6969%2fannounce&tr=udp%3a%2f%2ftracker.internetwarriors.net%3a1337%2fannounce https://mega.nz/#!j6JBmYib!SEWJE78GswOIyl8HvrRFLIL1W1tPULW2mqUyU-ka_Bg https://www.cinecalidad.to/wp-content/subs/fantastic.beasts.and.where.to.find.them.2016.srt https://www.cinecalidad.to/wp-content/subs/fantastic.beasts.and.where.to.find.them.2016.zip
LEGO Batman: La película (2017),Hay grandes cambios en curso en Ciudad Gótica y Bruce Wayne debe lidiar con los villanos de siempre  en especial Joker  que quieren conquistar la ciudad. Todo mientras se entera que accidentalmente adoptó a un huérfano adolescente que quiere convertirse en su compañero.,7.5/10,https://turbobit.net/jp4y8b222onp.html https://1fichier.com/?k0t2vrguqjqodzi3r694&af=2942360 magnet:?xt=urn:btih:5ECA512179380F27602B98066E49DDE795AF5FB1&dn=The.lego.batman.movie.2017.1080p-dual-lat.mp4&tr=udp%3a%2f%2ftracker.coppersurfer.tk%3a6969%2fannounce&tr=udp%3a%2f%2ftracker.leechers-paradise.org%3a6969%2fannounce&tr=udp%3a%2f%2ftracker.internetwarriors.net%3a1337%2fannounce https://mega.nz/#!iyAFBYKA!Eab71giQ5uTfCOTU1M3dT1BVnjlPO8ttqEmZVMAdqd4 https://www.cinecalidad.to/wp-content/subs/the.lego.batman.movie.2017.srt https://www.cinecalidad.to/wp-content/subs/the.lego.batman.movie.2017.zip
Kung Fu Panda 3 (2016),Cuando el perdido padre de Po aparece repentinamente  los dos viajan a un paraíso secreto para encontrarse con otros osos panda. Pero cuando el villano supernatural Kai comienza a vencer a todos los maestros de kung fu de China  Po debe hacer lo imposible para entrenar a toda una aldea de torpes pandas. Kung Fu Panda 1 - Kung Fu Panda 2,7.3/10,https://turbobit.net/7tvzb05t4y9a.html https://1fichier.com/?9oqy31t9ixfjig40opui&af=2942360 magnet:?xt=urn:btih:9AD2DADAF0D34D352A905C14CE6F7CDB639E6CF2&dn=Kung.fu.panda.3.2016.1080p-dual-lat-r.mp4&tr=udp%3a%2f%2ftracker.coppersurfer.tk%3a6969%2fannounce&tr=udp%3a%2f%2ftracker.leechers-paradise.org%3a6969%2fannounce&tr=udp%3a%2f%2ftracker.internetwarriors.net%3a1337%2fannounce https://mega.nz/#!84RCwYTT!U8JZFFpwnjzBPqleXB-AQjjcRkgRWh6udKzqWnifS-Y https://www.cinecalidad.to/wp-content/subs/kung.fu.panda.3.2016.zip
Aladdín (2019),Un joven callejero de noble corazón anhela el amor de la hermosa princesa Jasmine. Cuando consigue una lámpara mágica  usa los poderes del genio para convertirse en un príncipe.,7.2/10,https://turbobit.net/ckh2n9u60fg6.html https://turbobit.net/4umwo44tak6c.html https://1fichier.com/?uhtnz75s3ormivewbeca&af=2942360 magnet:?xt=urn:btih:07611442a07d3dd33e2494c6373dffc07b05e6e4&dn=Aladdin.2019.1080p-dual-lat-cinecalidad.to.mp4&tr=udp%3a%2f%2ftracker.coppersurfer.tk%3a6969%2fannounce&tr=udp%3a%2f%2ftracker.internetwarriors.net%3a1337%2fannounce&tr=udp%3a%2f%2ftracker.leechers-paradise.org%3a6969%2fannounce https://mega.nz/#!I4BxXAiL!JD_fOzI6YeVcMKGdsXsNL0Fwvm6DvNjI4eSuLzVP4No https://www.cinecalidad.to/wp-content/subs/aladdin.2019.zip
El regreso de Mary Poppins (2018),Años después de su primera visita  la niñera mágica regresa para ayudar a los hermanos Banks y a los hijos de Michael a superar un momento difícil en sus vidas.,7.2/10,https://turbobit.net/upz5itnisay8.html https://1fichier.com/?vbmvxi4utsk0cufis90k&af=2942360 magnet:?xt=urn:btih:64D2DDB8165B412EBB6703D8F52718CD8D78E22F&dn=Mary.poppins.returns.2018.1080p-dual-lat-cinecalidad.is.mp4&tr=udp%3a%2f%2ftracker.coppersurfer.tk%3a6969%2fannounce&tr=udp%3a%2f%2ftracker.leechers-paradise.org%3a6969%2fannounce&tr=udp%3a%2f%2ftracker.internetwarriors.net%3a1337%2fannounce https://mega.nz/#!VBMzAC4S!HQsknylzLt8tbFNEvGWG3CsE9G1uphYtyVOohexmvaw https://www.cinecalidad.to/wp-content/subs/mary.poppins.returns.2018.zip
"Hasta pronto, Christopher Robin (2017)",La historia de la vida y la relación entre el querido autor de libros para niños A. A. Milne y su hijo Christopher Robin  cuyos juegos inspiraron el mágico mundo de Winnie the Pooh.,7.2/10,https://turbobit.net/w002tpu1udw4.html https://1fichier.com/?97j3w517sqajd7p5ydhg&af=2942360 magnet:?xt=urn:btih:3B0E8550E4F544FBE2EFEC16CE4A88A23E56BB89&dn=Goodbye.christopher.robin.2017.1080p-dual-lat.mp4&tr=udp%3a%2f%2ftracker.coppersurfer.tk%3a6969%2fannounce&tr=udp%3a%2f%2ftracker.leechers-paradise.org%3a6969%2fannounce&tr=udp%3a%2f%2ftracker.internetwarriors.net%3a1337%2fannounce https://mega.nz/#!6PJE3TQa!0u5ne6FkA_yu0B00KuUAIA9n7TRLtpBk1nJC3LYn_uQ https://www.cinecalidad.to/wp-content/subs/goodbye.christopher.robin.2017.srt https://www.cinecalidad.to/wp-content/subs/goodbye.christopher.robin.2017.zip
Sing: ¡Ven y canta! (2016),En una ciudad de animales  el intento de un empresario de salvar su teatro con una competición de canto se convierte en algo más grande de lo esperado y las vidas de sus participantes nunca volverán a ser las mismas.,7.2/10,https://turbobit.net/lxg1osu0rh0g.html https://1fichier.com/?6eljr1ybszsphhzhjauz&af=2942360 magnet:?xt=urn:btih:AB2C332BD071C4108FA9B2F66BA8FAF3363A65C4&dn=Sing.2016.1080p-dual-lat.mp4&tr=udp%3a%2f%2ftracker.coppersurfer.tk%3a6969%2fannounce&tr=udp%3a%2f%2ftracker.leechers-paradise.org%3a6969%2fannounce&tr=udp%3a%2f%2ftracker.internetwarriors.net%3a1337%2fannounce https://mega.nz/#!9HxFzC4A!G0M_i-zy_KlMQ9wOqADL4yD7tEszdpGkVZ94kI6-3fc https://www.cinecalidad.to/wp-content/subs/sing.2016.zip
Mi amigo el dragón (2016),Pete es un niño curioso que está perdido  y ha sobrevivido en el bosque durante 6 años. Pero él no está solo porque hizo amistad con un amigable dragón llamado Elliot.,7.1/10,https://turbobit.net/1vxisivavky5.html https://1fichier.com/?6yk1j5ais28n5qkjvc2t&af=2942360 magnet:?xt=urn:btih:67B1686D3F9E03D4D86DD099AA125AAC6F139BDC&dn=Petes.dragon.2016.1080p-dual-lat.mp4&tr=udp%3a%2f%2ftracker.coppersurfer.tk%3a6969%2fannounce&tr=udp%3a%2f%2ftracker.leechers-paradise.org%3a6969%2fannounce&tr=udp%3a%2f%2ftracker.internetwarriors.net%3a1337%2fannounce https://mega.nz/#!o8lAzBrS!Cnk-rAjFsRcu4hW-gooG2w1AEwTwmX7h-QPeEsOx1VE https://www.cinecalidad.to/wp-content/subs/petes.dragon.2016.zip
La Leyenda del Charro Negro (2018),Leo debe conseguir la ayuda de sus amigos después de ser engañado por el Charro Negro  debido a lo cual una chica termina siendo enviada al inframundo.,7.0/10,https://turbobit.net/6nwiwsdrs0wv.html https://1fichier.com/?tblz2y0n8zrqg0oan9fr&af=2942360 magnet:?xt=urn:btih:6F98258B23C00569241A27F53CF3EFD70CC09A2B&dn=La.leyenda.del.charro.negro.2018.1080p-lat-cinecalidad.to.mp4&tr=udp%3a%2f%2ftracker.coppersurfer.tk%3a6969%2fannounce&tr=udp%3a%2f%2ftracker.leechers-paradise.org%3a6969%2fannounce&tr=udp%3a%2f%2ftracker.internetwarriors.net%3a1337%2fannounce https://mega.nz/#!4KI1wSIT!RyP90xtBiLm19FVDtovAYYKM3DG4FVmxn8cmczsRyo8
Robot 7723 (2018),La amistad con un robot ultra secreto cambia por completo la vida de una solitaria niña en una emocionante aventura cuando se enfrentan a matones  malvados bots y un villano maniático.,7.0/10,https://turbobit.net/rct7d20tid40.html https://1fichier.com/?1qf6odqykft8gopurexl&af=2942360 magnet:?xt=urn:btih:F75CA0A9A88AE590D435464121F76FC0A7164E31&dn=Next.gen.2018.1080p-dual-lat-cinecalidad.to.mp4&tr=udp%3a%2f%2ftracker.coppersurfer.tk%3a6969%2fannounce&tr=udp%3a%2f%2ftracker.leechers-paradise.org%3a6969%2fannounce&tr=udp%3a%2f%2ftracker.internetwarriors.net%3a1337%2fannounce https://mega.nz/#!wlhg2IKA!L5DYiwEH0MAizQuXqN0AOLsNif_e8qqsYMs7h1Z4WQs https://www.cinecalidad.to/wp-content/subs/next.gen.2018.zip
Cars 3 (2017),Rayo McQueen es uno de los autos más antiguos en las pistas  así que se dispone a probar a toda la nueva generación de corredores que sigue siendo el mejor auto de carreras del mundo. Películas de Cars,7.0/10,https://turbobit.net/nk0krnbajbzq.html https://1fichier.com/?1gnfix3cep5itbhu22z6&af=2942360 magnet:?xt=urn:btih:3EB031A49C8A8CFEC1A6E80F2E46644C57A8904D&dn=Cars.3.2017.1080p-dual-lat.mp4&tr=udp%3a%2f%2ftracker.coppersurfer.tk%3a6969%2fannounce&tr=udp%3a%2f%2ftracker.leechers-paradise.org%3a6969%2fannounce&tr=udp%3a%2f%2ftracker.internetwarriors.net%3a1337%2fannounce https://mega.nz/#!fDo11AaQ!gJ5faMbCoLUFsPQewZ3HJmcvx5LAzH82877hTg8b7x8 https://www.cinecalidad.to/wp-content/subs/cars.3.2017.srt https://www.cinecalidad.to/wp-content/subs/cars.3.2017.zip
Los descendientes 2 (2017),Mal regresa a la Isla de los Perdidos para encontrar a su archienemiga Uma  la hija de Ursula  que está aliada con Harry  el hijo del capitán Garfio  y Gil  el hijo de Gaston. Los descendientes 1,7.0/10,https://turbobit.net/knc9jnp4xrnf.html https://1fichier.com/?i7ywdbly2x5wsftuxfdc&af=2942360 magnet:?xt=urn:btih:E8402885AD5758CFF2EDAD077B087BFCF3E1A166&dn=Descendants.2.2017.1080p-dual-lat.mp4&tr=udp%3a%2f%2ftracker.coppersurfer.tk%3a6969%2fannounce&tr=udp%3a%2f%2ftracker.leechers-paradise.org%3a6969%2fannounce&tr=udp%3a%2f%2ftracker.internetwarriors.net%3a1337%2fannounce https://mega.nz/#!BJZTmDxC!DND3d0Qoe1Uj_y_HoFAJAste0oMjtpjmDLkPl6t2drw https://www.cinecalidad.to/wp-content/subs/descendants.2.2017.srt https://www.cinecalidad.to/wp-content/subs/descendants.2.2017.zip
Los Descendientes 3 (2019),Los adolescentes de los más infames villanos de Disney regresan a la Isla de los Perdidos para reclutar a más descendientes villanos para que se les unan en Auradon.,6.9/10,https://turbobit.net/0l75yketg51x.html https://1fichier.com/?73sirjvcvj94jhvntx8a&af=2942360 magnet:?xt=urn:btih:757f98d3f79dcdf4db9c8792874ddee5e6233eb7&dn=Descendants.3.2019.1080p-dual-lat-cinecalidad.is.mp4&tr=udp%3a%2f%2ftracker.coppersurfer.tk%3a6969%2fannounce&tr=udp%3a%2f%2ftracker.internetwarriors.net%3a1337%2fannounce&tr=udp%3a%2f%2ftracker.leechers-paradise.org%3a6969%2fannounce https://mega.nz/#!AaRT0S4T!G05rLLqztBsuS026Rw14VfSy2409-ewQL20ALBIny-k https://www.cinecalidad.to/wp-content/subs/descendants.3.2019.srt https://www.cinecalidad.to/wp-content/subs/descendants.3.2019.zip
Alfa (2018),En el pasado prehistórico  un joven lucha para regresar a su hogar después de ser separado de su tribu durante una cacería de búfalos. En el camino encuentra un lobo igualmente solitario y comienza una amistad que cambiaría la humanidad.,6.8/10,https://turbobit.net/6qf5xim0sr75.html https://1fichier.com/?kwnqdg4o5eba23nz9xw6&af=2942360 magnet:?xt=urn:btih:EE0212FE6DDA45A8814222ED4A90E2686D19A0E0&dn=Alpha.2018.1080p-dual-lat-cinecalidad.to.mp4&tr=udp%3a%2f%2ftracker.coppersurfer.tk%3a6969%2fannounce&tr=udp%3a%2f%2ftracker.leechers-paradise.org%3a6969%2fannounce&tr=udp%3a%2f%2ftracker.internetwarriors.net%3a1337%2fannounce https://mega.nz/#!k4FmFCRB!4w8d7ZyoVgc9hBZP0FwZ7LEewAhpbcS24u7LMgIToCw https://www.cinecalidad.to/wp-content/subs/alpha.2018.zip
Bailarina (2016),Una niña huérfana sueña con convertirse en una bailarina y huye de su pueblo rural para ir a París  donde pasa por alguien más y consigue una posición de alumna en la Grand Opera House.,6.8/10,https://turbobit.net/jd8w2f9hnpqq.html https://1fichier.com/?iimd8k3juwxt5q3cxom7&af=2942360 magnet:?xt=urn:btih:9AEEE35E06142EEDFED2F36FA2E7EF7E553D5942&dn=Ballerina.2016.1080p-dual-lat.mp4&tr=udp%3a%2f%2ftracker.coppersurfer.tk%3a6969%2fannounce&tr=udp%3a%2f%2ftracker.leechers-paradise.org%3a6969%2fannounce&tr=udp%3a%2f%2ftracker.internetwarriors.net%3a1337%2fannounce https://mega.nz/#!ozYS3IIT!XF-70CGm5vwR1nNHTiEHdkApEQo4yoCWACt-HIERXgg https://www.cinecalidad.to/wp-content/subs/ballerina.2016.zip
Animales Fantásticos: Los crímenes de Grindelwald (2018),En un esfuerzo por frustrar los planes de Grindelwald de criar magos de sangre pura para gobernar todos los seres no mágicos  Dumbledore recluta a su ex alumno Newt Scamander  quien acepta ayudar  aunque no sabe de los peligros que están por venir. Animales fantásticos 1,6.7/10,https://turbobit.net/d7rsk3jg93r8.html https://1fichier.com/?4ezptevqu8recccbsuy1&af=2942360 magnet:?xt=urn:btih:B821F243500452487EEB2799683EE15B6B67BC01&dn=Fantastic.beasts.the.crimes.of.grindelwald.2018.1080p-dual-lat-cinecalidad.is.mp4&tr=udp%3a%2f%2ftracker.coppersurfer.tk%3a6969%2fannounce&tr=udp%3a%2f%2ftracker.leechers-paradise.org%3a6969%2fannounce&tr=udp%3a%2f%2ftracker.internetwarriors.net%3a1337%2fannounce https://mega.nz/#!W1AGnYoK!6uYImE_svLJjyuMi0CKEM9iyv1qHVOTMFk7tRZZ31_Q https://www.cinecalidad.to/wp-content/subs/fantastic.beasts.the.crimes.of.grindelwald.2018.srt https://www.cinecalidad.to/wp-content/subs/fantastic.beasts.the.crimes.of.grindelwald.2018.zip
Pie Pequeño (2018),"Un yeti llamado Migo está convencido de que un humano conocido solo como ""Pie Pequeño"" es real y tiene que probarle a su tribu de que sí existe con la ayuda de Meechee.",6.7/10,https://turbobit.net/aphra7s1a9kq.html https://1fichier.com/?ifa9cu0ihksrncmdvewv&af=2942360 magnet:?xt=urn:btih:9D066A92CFB910479E03CB9E876AD04F60401C74&dn=Smallfoot.2018.1080p-dual-lat-cinecalidad.to.mp4&tr=udp%3a%2f%2ftracker.coppersurfer.tk%3a6969%2fannounce&tr=udp%3a%2f%2ftracker.leechers-paradise.org%3a6969%2fannounce&tr=udp%3a%2f%2ftracker.internetwarriors.net%3a1337%2fannounce https://mega.nz/#!KyBxBASb!UmT1HuuoUuwvIY4UtX6_AOtvbXoxU-0k4QU38RukQ9U https://www.cinecalidad.to/wp-content/subs/smallfoot.2018.zip
Olé: El viaje de Ferdinand (2017),Después de que Ferdinand  un gran toro con un gran corazón  sea confundido con una bestia peligrosa  es capturado y alejado de su hogar. Determinado a regresar con su familia  reúne a un grupo de inadaptados para una increíble aventura.,6.7/10,https://turbobit.net/1r0gnsdb8hf6.html https://1fichier.com/?n0jkdts76qig5z4y5e99&af=2942360 magnet:?xt=urn:btih:AB024D995D3467E7603E51ED269F9D428790F901&dn=Ferdinand.2017.1080p-dual-lat-cinecalidad.to.mp4&tr=udp%3a%2f%2ftracker.coppersurfer.tk%3a6969%2fannounce&tr=udp%3a%2f%2ftracker.leechers-paradise.org%3a6969%2fannounce&tr=udp%3a%2f%2ftracker.internetwarriors.net%3a1337%2fannounce https://mega.nz/#!e7ZARAqR!CTi7JxFcbfr52ILeVFX1aU3erTtwAkxxDqd3MYRSx9Y https://www.cinecalidad.to/wp-content/subs/ferdinand.2017.zip
La vida secreta de tus mascotas (2016),En un edificio de apartamentos de Manhattan  la vida de Max como mascota favorita es totalmente cambiada cuando su dueña trae a casa a un descuidado y enorme perro llamado Duke. A Max no le cae Duke y no tardan mucho en meterse en problemas.,6.7/10,https://turbobit.net/q3e2qhc1jkml.html https://1fichier.com/?iw1lz7dcl1b08dggrz40&af=2942360 magnet:?xt=urn:btih:F6488DFFBC0347BB94AB6721E4594B851B8F8141&dn=The.secret.life.of.pets.2016.1080p-dual-lat.mp4&tr=udp%3a%2f%2ftracker.coppersurfer.tk%3a6969%2fannounce&tr=udp%3a%2f%2ftracker.leechers-paradise.org%3a6969%2fannounce&tr=udp%3a%2f%2ftracker.internetwarriors.net%3a1337%2fannounce https://mega.nz/#!hWBxyCyB!aXM0oB_I53ZzFNrKwqPpfmbmdOkQFlYFqfLBYvIctY8 https://www.cinecalidad.to/wp-content/subs/the.secret.life.of.pets.2016.srt https://www.cinecalidad.to/wp-content/subs/the.secret.life.of.pets.2016.zip
Dumbo (2019),Un joven elefante cuyas enormes orejas le permiten volar  ayuda a salvar a un circo en problemas. Pero cuando el circo planea nuevos proyectos  Dumbo y sus amigos descubren oscuros secretos detrás de bambalinas.,6.6/10,https://turbobit.net/rf9ghaklrlkl.html https://turbobit.net/kxsaoi0qigrq.html https://1fichier.com/?b8ijk7s4ffncztgrsih5&af=2942360 magnet:?xt=urn:btih:D05FF497B4C6CA3BF5B417D94D80A9F87E5055A4&dn=Dumbo.2019.1080p-dual-lat-cinecalidad.to.mp4&tr=udp%3a%2f%2ftracker.leechers-paradise.org%3a6969%2fannounce&tr=udp%3a%2f%2ftracker.internetwarriors.net%3a1337%2fannounce&tr=udp%3a%2f%2ftracker.coppersurfer.tk%3a6969%2fannounce https://mega.nz/#!owIn1KaK!jk7hsA86MCH8weN1vpz2ZAKg8ONPG7zgQODyrfjZMKc https://www.cinecalidad.to/wp-content/subs/dumbo.2019.srt https://www.cinecalidad.to/wp-content/subs/dumbo.2019.zip
Mis huellas a casa (2019),Una perra recorre cientos de kilómetros en búsqueda de su dueño a través de la región salvaje de Colorado.,6.6/10,https://turbobit.net/lpexn4r4ah5e.html https://1fichier.com/?e7jcq9romx3a6suqcval&af=2942360 magnet:?xt=urn:btih:D5D7B8657C233726D8EDDE99EDFF98AE8C09E131&dn=A.dogs.way.home.2019.1080p-dual-lat-cinecalidad.is.mp4&tr=udp%3a%2f%2ftracker.leechers-paradise.org%3a6969%2fannounce&tr=udp%3a%2f%2ftracker.internetwarriors.net%3a1337%2fannounce&tr=udp%3a%2f%2ftracker.coppersurfer.tk%3a6969%2fannounce https://mega.nz/#!CfR2zQxA!lTrWHsMizpeXQjyYYGmmtGirie2CsNvZ2xMV5H7voz8 https://www.cinecalidad.to/wp-content/subs/a.dogs.way.home.2019.zip
Benji (2018),Dos niños comienzan una amistad con un cachorro huérfano llamado Benji. Cuando ambos están en peligro al ser secuestrados por ladrones que no saben muy bien lo que hacen  Benji llega al rescate.,6.6/10,https://turbobit.net/ui985ulcwqpw.html https://1fichier.com/?lluqsvy0veqdfv825m0y&af=2942360 magnet:?xt=urn:btih:C82E4B2611358D136903D94492D5E63FA7AD78A9&dn=Benji.2018.1080p-dual-lat-cinecalidad.to.mp4&tr=udp%3a%2f%2ftracker.coppersurfer.tk%3a6969%2fannounce&tr=udp%3a%2f%2ftracker.leechers-paradise.org%3a6969%2fannounce&tr=udp%3a%2f%2ftracker.internetwarriors.net%3a1337%2fannounce https://mega.nz/#!rCojmBaD!64EXDxnhax25gkGE8wXpwSQ2c0JlrVVV364bGnGrqiU https://www.cinecalidad.to/wp-content/subs/benji.2018.zip
El buen amigo gigante (2016),Una niña llamada Sofía se encuenta con el buen amigo gigante quien  a pesar de su apariencia intimidante  resulta ser muy amable. Es considerado un marginado por los otros gigantes porque  a diferencia de ellos  se rehúsa a comer niños.,6.6/10,https://turbobit.net/kxkx73wy6p96.html https://1fichier.com/?zevvlfdnsq48l7gs7e5e&af=2942360 magnet:?xt=urn:btih:AD0F2EE37366BB1EB033027E0E6A04952498A1B5&dn=The.bfg.2016.1080p-dual-lat.mp4&tr=udp%3a%2f%2ftracker.coppersurfer.tk%3a6969%2fannounce&tr=udp%3a%2f%2ftracker.leechers-paradise.org%3a6969%2fannounce&tr=udp%3a%2f%2ftracker.internetwarriors.net%3a1337%2fannounce https://mega.nz/#!Q7ZnhIpT!gbrCwd0nFVRUsO-e7-qOwe1g5PpilY8BqJm9J42-VKg https://www.cinecalidad.to/wp-content/subs/the.bfg.2016.srt https://www.cinecalidad.to/wp-content/subs/the.bfg.2016.zip
La vida secreta de tus mascotas 2 (2019),Max enfrenta grandes cambios ahora que su dueña Katie está casada y tiene un niño. En un viaje familiar al campo  Max conoce al perro de granja Rooster e intenta superar sus miedos.,6.5/10,https://turbobit.net/vq2g6h9smf6j.html https://turbobit.net/xt8c0z4smydl.html https://1fichier.com/?uwvl2myg7iueamjd2pjx&af=2942360 magnet:?xt=urn:btih:c80d6dd5f3475dd0ccfc720e1940ebd0f58bb24b&dn=The.secret.life.of.pets.2.2019.1080p-dual-lat-cinecalidad.to.mp4&tr=udp%3a%2f%2ftracker.coppersurfer.tk%3a6969%2fannounce&tr=udp%3a%2f%2ftracker.internetwarriors.net%3a1337%2fannounce&tr=udp%3a%2f%2ftracker.leechers-paradise.org%3a6969%2fannounce https://mega.nz/#!pbBXxCYY!786IXKYjkNInp9Cf3gYr3uZmosc7l-kRR6dxQ_4q18M https://www.cinecalidad.to/wp-content/subs/the.secret.life.of.pets.2.2019.srt https://www.cinecalidad.to/wp-content/subs/the.secret.life.of.pets.2.2019.zip
Mi mascota es un león (2018),Mia tiene once años cuando desarrolla una maravillosa relación con Charlie  un león cachorro que nació en la granja de sus padres  en Sudáfrica.,6.5/10,https://turbobit.net/ydjeqh2q7ujd.html https://1fichier.com/?60ek9qmkz2r7b00ndb3d&af=2942360 magnet:?xt=urn:btih:AEFE5D045394FEAAD993A97BF2FDF151686A355E&dn=Mia.and.the.white.lion.2018.1080p-dual-lat-cinecalidad.is.mp4&tr=udp%3a%2f%2ftracker.leechers-paradise.org%3a6969%2fannounce&tr=udp%3a%2f%2ftracker.internetwarriors.net%3a1337%2fannounce&tr=udp%3a%2f%2ftracker.coppersurfer.tk%3a6969%2fannounce https://mega.nz/#!P7RXmQaa!p4EBKpVZXCItEcr0lFpaMOlgyVKB4OQAxoQgmMvEExM https://www.cinecalidad.to/wp-content/subs/mia.and.the.white.lion.2018.zip
Pokémon la película: ¡Yo te elijo! (2017),Ash Ketchum de Pueblo Paleta tiene 10 años  la edad suficiente para convertirse en un maestro Pokémon. Ash sueña en grande sobre las aventuras que tendrá después de recibir su primer Pokémon del profesor Oak.,6.5/10,https://turbobit.net/sa6r8p0dghby.html https://1fichier.com/?je6jjiktb83gjtmae9a2&af=2942360 magnet:?xt=urn:btih:41148C57F1B262E9832B236A2ACEBFFBD2C55046&dn=Pokemon.the.movie.i.choose.you.2017.1080p-dual-lat-cinecalidad.to.mp4&tr=udp%3a%2f%2ftracker.coppersurfer.tk%3a6969%2fannounce&tr=udp%3a%2f%2ftracker.leechers-paradise.org%3a6969%2fannounce&tr=udp%3a%2f%2ftracker.internetwarriors.net%3a1337%2fannounce https://mega.nz/#!WuZigI5A!8o2CtyArGOmpg9lV4wrOTL6AcGmcUSA-IZRtj8fyfvk
Trolls (2016),Después de que los Bertenos invaden la villa Troll  Poppy  la troll más feliz que haya existido  y el cascarrabias Ramón  se embarcan en un viaje para rescatar a sus amigos.,6.5/10,https://turbobit.net/augpji2epcy5.html https://1fichier.com/?tkab3l8xwbouxd5n9fj4&af=2942360 magnet:?xt=urn:btih:46093EACE32183D3E343ADCA588EE61543C81F90&dn=Trolls.2016.1080p-dual-lat.mp4&tr=udp%3a%2f%2ftracker.coppersurfer.tk%3a6969%2fannounce&tr=udp%3a%2f%2ftracker.leechers-paradise.org%3a6969%2fannounce&tr=udp%3a%2f%2ftracker.internetwarriors.net%3a1337%2fannounce https://mega.nz/#!PyRXQARI!fYVob8crNwwBQUJ_5dWaHtzvbySLvdB39yzqfhagy74 https://www.cinecalidad.to/wp-content/subs/trolls.2016.zip
La pequeña traviesa (2018),Una niña de once años tiene la habilidad de hablar con los animales. Cuando un ladrón causa problemas en el zoológico local  ella llega al rescate.,6.4/10,https://turbobit.net/i3qzz6nqhnq3.html https://1fichier.com/?chc42qois8trhs4fccl8&af=2942360 magnet:?xt=urn:btih:70710f357766b5c33537faed69f6dba39678f482&dn=Little.miss.dolittle.2018.1080p-dual-lat-cinecalidad.is.mp4&tr=udp%3a%2f%2ftracker.coppersurfer.tk%3a6969%2fannounce&tr=udp%3a%2f%2ftracker.internetwarriors.net%3a1337%2fannounce&tr=udp%3a%2f%2ftracker.leechers-paradise.org%3a6969%2fannounce https://mega.nz/#!Y74wgYRD!H6XvmSqOs3IR_a3vp8UW9IlgybiJRv7Px4Aa08MSVl0
Un jefe en pañales (2017),El bebé más inusual llega a la casa de Tim en un taxi  vestido de traje y cargando un maletín. La rivalidad instantánea entre hermanos debe ser puesta de lado cuando el jefe en pañales hace equipo con su hermano de siete años para detener el plan maligno del presidente de Puppy Co.,6.4/10,https://turbobit.net/1p4mtodqlqwd.html https://1fichier.com/?aq5v2xfcgxsc3k1xa3bt&af=2942360 magnet:?xt=urn:btih:37A2475FB7D70966D58E4737B37E1FB36891A8E6&dn=The.boss.baby.2017.1080p-dual-lat.mp4&tr=udp%3a%2f%2ftracker.coppersurfer.tk%3a6969%2fannounce&tr=udp%3a%2f%2ftracker.leechers-paradise.org%3a6969%2fannounce&tr=udp%3a%2f%2ftracker.internetwarriors.net%3a1337%2fannounce https://mega.nz/#!n7hgyAaC!mt_ZzslYjY9uoo353NJOymxcMaubiparhUFs4RZh00w https://www.cinecalidad.to/wp-content/subs/the.boss.baby.2017.zip
Oddball y sus pingüinos (2015),Un excéntrico criador de pollos  con la ayuda de su nieta  entrena a su travieso perro Oddball para proteger un santuario de pingüinos de los ataques de zorros en un intento de acercar a su familia y salvar su pueblo costero. Basada en una historia real.,6.4/10,https://turbobit.net/hno28a9t8ukx.html https://1fichier.com/?ewr30rx0v1xq1am486oe&af=2942360 magnet:?xt=urn:btih:9292013DA86579DC42D9192C34173877A8274331&dn=Oddball.and.the.penguins.2015.1080p-dual-lat.mp4&tr=udp%3a%2f%2ftracker.coppersurfer.tk%3a6969%2fannounce&tr=udp%3a%2f%2ftracker.leechers-paradise.org%3a6969%2fannounce&tr=udp%3a%2f%2ftracker.internetwarriors.net%3a1337%2fannounce https://mega.nz/#!uPAhAAjT!5BNjWmcImZ4bivrjH_F1FJcncTWkJ1Tuov3hOawL0J8 https://www.cinecalidad.to/wp-content/subs/oddball.and.the.penguins.2015.zip
El Grinch (2018),En el pueblo de Villa Quién todos los habitantes están emocionados por celebrar la Navidad. El único que no está feliz por ello es el gruñón Grinch  quien planea arruinar las fiestas para todos.,6.3/10,https://turbobit.net/zpnby73y3qge.html https://1fichier.com/?j344k9j78fcl0wa9hv1y&af=2942360 magnet:?xt=urn:btih:7101D3A9F71649811FB3AB5399B3F7E36B09D75B&dn=The.grinch.2018.1080p-dual-lat-cinecalidad.to.mp4&tr=udp%3a%2f%2ftracker.coppersurfer.tk%3a6969%2fannounce&tr=udp%3a%2f%2ftracker.leechers-paradise.org%3a6969%2fannounce&tr=udp%3a%2f%2ftracker.internetwarriors.net%3a1337%2fannounce https://mega.nz/#!GV0BSQAC!_73YGAlXPLsGqac32fjHlo4jhDUTzbzuCBZnwTZB9is https://www.cinecalidad.to/wp-content/subs/the.grinch.2018.srt https://www.cinecalidad.to/wp-content/subs/the.grinch.2018.zip
La princesa encantada (2018),Ruslan  un artista ambulante con el sueño de convertirse en caballero  conoce a la hermosa Mila y se enamora de ella sin tener idea de que es la hija del Rey.,6.3/10,https://turbobit.net/h4vvulmmiyig.html https://1fichier.com/?69tl1mjdt9tn6t6n7jhq&af=2942360 magnet:?xt=urn:btih:486617E48B867CFEDFA170B2702F2CC17F64A804&dn=The.stolen.princess.2018.1080p-lat-cinecalidad.to.mp4&tr=udp%3a%2f%2ftracker.coppersurfer.tk%3a6969%2fannounce&tr=udp%3a%2f%2ftracker.leechers-paradise.org%3a6969%2fannounce&tr=udp%3a%2f%2ftracker.internetwarriors.net%3a1337%2fannounce https://mega.nz/#!8AcwgK7B!gEZgPLJxxUoBqd47BjDbBhmC46Mmzxn4V6U6UwQ5Om8 https://www.cinecalidad.to/wp-content/subs/the.stolen.princess.2018.srt
Hotel Transylvania 3: Monstruos de vacaciones (2018),El Conde Drácula junto con su familia y amigos participan de un crucero para monstruos  sin sospechar que el barco está comandado por la familia Van Helsing que odia a los monstruos. Películas de Hotel Transylvania,6.3/10,https://turbobit.net/wlja3cn9mqr6.html https://1fichier.com/?yx5xavl2m8mj17gqvcoc&af=2942360 magnet:?xt=urn:btih:4E80864753C1D3DD7DC3A48B4DEF0BB09252D4A0&dn=Hotel.transylvania.3.summer.vacation.2018.1080p-dual-lat-cinecalidad.to.mp4&tr=udp%3a%2f%2ftracker.coppersurfer.tk%3a6969%2fannounce&tr=udp%3a%2f%2ftracker.leechers-paradise.org%3a6969%2fannounce&tr=udp%3a%2f%2ftracker.internetwarriors.net%3a1337%2fannounce https://mega.nz/#!FNUXAawI!GbBn2XcDVRQTCo7-iLDNNmORhnXT3VaL0mROV52sImk https://www.cinecalidad.to/wp-content/subs/hotel.transylvania.3.summer.vacation.2018.srt https://www.cinecalidad.to/wp-content/subs/hotel.transylvania.3.summer.vacation.2018.zip
Mi villano favorito 3 (2017),Gru está pasando por una crisis de identidad cuando conoce a su encantador y mucho más exitoso hermano gemelo  Dru  quien quiere hacer equipo con él para un último golpe criminal. Serie Mi villano favorito,6.3/10,https://turbobit.net/a0l1wt2acnys.html https://1fichier.com/?hu5d60b8sc6lmakxffgf&af=2942360 magnet:?xt=urn:btih:BFFC180622EB63F0E9F79A104BF63EB807809FEC&dn=Despicable.me.3.2017.1080p-dual-lat.mp4&tr=udp%3a%2f%2ftracker.coppersurfer.tk%3a6969%2fannounce&tr=udp%3a%2f%2ftracker.leechers-paradise.org%3a6969%2fannounce&tr=udp%3a%2f%2ftracker.internetwarriors.net%3a1337%2fannounce https://mega.nz/#!pEx0BCCD!1nDY8d4JUk-NpwWEbG0QT9a9zX4yXtqTTZ48c3fBA0U https://www.cinecalidad.to/wp-content/subs/despicable.me.3.2017.zip
Alicia a través del espejo (2016),Alicia retorna al mundo mágico de Underland  sólo para descubrir que el Sombrerero está en un terrible estado. Con la ayuda de sus amigos  Alicia debe viajar a través del tiempo para salvar al Sombrerero Loco y el destino de Underland de las garras del mal de la Reina Roja.,6.3/10,https://turbobit.net/mhm09oxk95zl.html https://1fichier.com/?o3m1gzebpepj8mpp1i1h&af=2942360 magnet:?xt=urn:btih:3D9A43F893AFE88E9338BB5E36FABDA0C3332252&dn=Alice.through.the.looking.glass.2016.1080p-dual-lat.mp4&tr=udp%3a%2f%2ftracker.coppersurfer.tk%3a6969%2fannounce&tr=udp%3a%2f%2ftracker.leechers-paradise.org%3a6969%2fannounce&tr=udp%3a%2f%2ftracker.internetwarriors.net%3a1337%2fannounce https://mega.nz/#!4SwzzKRC!QGpzNnK_IRGQyTl5SMCg2sbyoyQlrHUDoPgCGzIsHFA https://www.cinecalidad.to/wp-content/subs/alice.through.the.looking.glass.2016.srt https://www.cinecalidad.to/wp-content/subs/alice.through.the.looking.glass.2016.zip
Nacido para ser rey (2019),Alex piensa que es un niño común hasta que se topa con la mítica espada en la piedra  Excalibur. Ahora  debe unir a sus amigos en una banda de caballeros y enfrentar una amenaza medieval.,6.2/10,https://turbobit.net/jmrbdilqgut9.html https://1fichier.com/?28y3q8y2bjfnfp8zfwm1&af=2942360 magnet:?xt=urn:btih:3C8935823083349FC8F38E84F27B7AECD1C2D207&dn=The.kid.who.would.be.king.2019.1080p-dual-lat-cinecalidad.is.mp4&tr=udp%3a%2f%2ftracker.leechers-paradise.org%3a6969%2fannounce&tr=udp%3a%2f%2ftracker.internetwarriors.net%3a1337%2fannounce&tr=udp%3a%2f%2ftracker.coppersurfer.tk%3a6969%2fannounce https://mega.nz/#!Gp1xRKIA!nFyXgnos_keRgTWqWNW9aGgpZ0rQFisCFqVSSPUO1_w https://www.cinecalidad.to/wp-content/subs/the.kid.who.would.be.king.2019.srt https://www.cinecalidad.to/wp-content/subs/the.kid.who.would.be.king.2019.zip
My Little Pony: La película (2017),Después de que una fuerza oscura invadiera Canterlot  el Mane 6 se embarca en un viaje inolvidable más allá de Equestria donde conocen nuevos amigos y desafíos emocionantes en una misión para usar la magia de la amistad para salvar su tierra.,6.2/10,https://turbobit.net/irixzzkthyu8.html https://1fichier.com/?tecmldvtywr1kx7bw31w&af=2942360 magnet:?xt=urn:btih:E36BA04FC69BC1CA1904C03C2B4645A47104C4F6&dn=My.little.pony.the.movie.2017.1080p-dual-lat.mp4&tr=udp%3a%2f%2ftracker.coppersurfer.tk%3a6969%2fannounce&tr=udp%3a%2f%2ftracker.leechers-paradise.org%3a6969%2fannounce&tr=udp%3a%2f%2ftracker.internetwarriors.net%3a1337%2fannounce https://mega.nz/#!uowFnaJK!A0o54P3sX6TS2Q6_wp0uiUtw-q3fs9GLhdmwoP3Uapg https://www.cinecalidad.to/wp-content/subs/my.little.pony.the.movie.2017.zip
La casa con un reloj en sus paredes (2018),El joven Lewis Barnavelt  luego de perder a sus padres  es enviado a vivir con su tío Jonathan. Ahí descubre un mundo de magia y le ayuda a su tío a buscar un reloj con el poder de acabar con el mundo.,6.1/10,https://turbobit.net/a640fmr5pm8x.html https://1fichier.com/?90h046l164gliyrbssaf&af=2942360 magnet:?xt=urn:btih:44AA7AC72136EA90BD39DFA3C7C04A32D9693046&dn=The.house.with.a.clock.in.its.walls.2018.1080p-dual-lat-cinecalidad.to.mp4&tr=udp%3a%2f%2ftracker.coppersurfer.tk%3a6969%2fannounce&tr=udp%3a%2f%2ftracker.leechers-paradise.org%3a6969%2fannounce&tr=udp%3a%2f%2ftracker.internetwarriors.net%3a1337%2fannounce https://mega.nz/#!RKJC0SAQ!pkTwtb0eNxZVY-5mrEGox6m0iFo9sO0_tb5x3OTBeCU https://www.cinecalidad.to/wp-content/subs/the.house.with.a.clock.in.its.walls.2018.srt https://www.cinecalidad.to/wp-content/subs/the.house.with.a.clock.in.its.walls.2018.zip
LEGO Ninjago: La película (2017),Rechazado por todos por ser el hijo de un guerrero malvado  el joven maestro constructor Lloyd  también conocido como el Ninja Verde  busca derrotarlo con la ayuda de sus compañeros ninja.,6.0/10,https://turbobit.net/ccs3h8ozq8td.html https://1fichier.com/?eez658ugbeaywslvmeeb&af=2942360 magnet:?xt=urn:btih:5258DD710F4959713284D9836A9CFF4365467FAC&dn=The.lego.ninjago.movie.2017.1080p-dual-lat.mp4&tr=udp%3a%2f%2ftracker.coppersurfer.tk%3a6969%2fannounce&tr=udp%3a%2f%2ftracker.leechers-paradise.org%3a6969%2fannounce&tr=udp%3a%2f%2ftracker.internetwarriors.net%3a1337%2fannounce https://mega.nz/#!hiIiQLZR!lZyJ1Ozq9_Cxcqhrul2_NXe54QF4hD6M_5S--oTj_Q0 https://www.cinecalidad.to/wp-content/subs/the.lego.ninjago.movie.2017.zip
Una cigueña en apuros (2017),Dejado huérfano y criado por cigüeñas  el joven gorrión Richard cree que es una más de ellas. Cuando llega el momento de realizar una gran migración  Richard está determinado a probarle a todos de que es una cigüeña.,5.9/10,https://turbobit.net/rnnd7legs6ud.html https://1fichier.com/?s2y5iaywwasvwu81ee3h&af=2942360 magnet:?xt=urn:btih:0E5308837CE0370756AC062845C15A4FE76878EC&dn=A.storks.journey.2017.1080p-dual-lat.mp4&tr=udp%3a%2f%2ftracker.coppersurfer.tk%3a6969%2fannounce&tr=udp%3a%2f%2ftracker.leechers-paradise.org%3a6969%2fannounce&tr=udp%3a%2f%2ftracker.internetwarriors.net%3a1337%2fannounce https://mega.nz/#!9dwXUS7S!UGnWAx-6LULmGnW3mvSPHesB-nWU63Feq7F2TSQ0BSc https://www.cinecalidad.to/wp-content/subs/a.storks.journey.2017.zip
Scooby-Doo y la WWE: La maldición del demonio veloz (2016),Cuando Scooby  Shaggy y todo el grupo visita una competencia de autos  empiezan a suceder cosas extrañas. Un misterioso corredor fantasma  sólo conocido como Inferno  está tratando de sabotear la carrera y crear caos. Ahora depende de ellos salvar la carrera y tratar de resolver el misterio.,5.9/10,https://turbobit.net/5d14a3s9o7c3.html https://1fichier.com/?g0ca2t27jdtpj7yn551b&af=2942360 magnet:?xt=urn:btih:082280FEA21F7784F970AC1F95267FDAFC185335&dn=Scooby-doo.and.wwe.curse.of.the.speed.demon.2016.1080p-dual-lat.mp4&tr=udp%3a%2f%2ftracker.coppersurfer.tk%3a6969%2fannounce&tr=udp%3a%2f%2ftracker.leechers-paradise.org%3a6969%2fannounce&tr=udp%3a%2f%2ftracker.internetwarriors.net%3a1337%2fannounce https://mega.nz/#!YJtgSbgZ!zM-8CGbLx3IGZKbWdxcngmHbo7l2fBdltNBmBULXGko
La estrella de Belén (2017),Bo es un valiente burro que sueña con tener una vida más allá del trabajo en el molino. Un día finalmente sale en busca de la aventura soñada y junto con sus amigos se convierten en los héroes desconocidos de la primera Navidad.,5.8/10,https://turbobit.net/w0tr9hlzpvm4.html https://1fichier.com/?1n179g9p2qyq9dr0nar5&af=2942360 magnet:?xt=urn:btih:F0F1F6125831D0525F4C3C343EE7E1DED234F85E&dn=The.star.2017.1080p-dual-lat-cinecalidad.to.mp4&tr=udp%3a%2f%2ftracker.coppersurfer.tk%3a6969%2fannounce&tr=udp%3a%2f%2ftracker.leechers-paradise.org%3a6969%2fannounce&tr=udp%3a%2f%2ftracker.internetwarriors.net%3a1337%2fannounce https://mega.nz/#!1xlRgaTK!CuUANX2JUuSvu4-OL6s7UoRGZIP4PRpmmqoLBRcBhtQ https://www.cinecalidad.to/wp-content/subs/the.star.2017.zip
